age,income,score,zipcode,city,extra_data
-0.8612091853584176,0.7671455149152696,0.22759271056619365,90210,Beverly,0.0
0.8612091853584176,0.12274328238644333,1.3746599718198147,10001,New York,1.8708286933869709
-1.6441266265933427,-2.0252641593763108,0.036414833690590134,60614,Chicago,0.0
1.6441266265933427,1.4115477474440958,-0.537118796936219,94103,SF,0.0
-0.23487523237047753,0.12274328238644333,0.9923042180686077,73301,Austin,0.0
0.0,0.12274328238644333,-1.9390898940239767,12345,Unknown,-1.8708286933869709
0.23487523237047753,-0.521658950142383,-0.15476304318501197,94105,San Francisco,0.0
